{
  "model_name": "llama-2",
  "num_layers": 33,
  "best_layers": [
    16,
    17,
    18,
    19,
    20
  ],
  "layer_performance": {
    "0": {
      "accuracy": 0.5,
      "accuracy_std": 0.0
    },
    "1": {
      "accuracy": 0.6100000000000001,
      "accuracy_std": 0.012247448713915901
    },
    "2": {
      "accuracy": 0.6599999999999999,
      "accuracy_std": 0.03391164991562632
    },
    "3": {
      "accuracy": 0.6799999999999999,
      "accuracy_std": 0.05099019513592784
    },
    "4": {
      "accuracy": 0.675,
      "accuracy_std": 0.03535533905932736
    },
    "5": {
      "accuracy": 0.745,
      "accuracy_std": 0.04301162633521314
    },
    "6": {
      "accuracy": 0.795,
      "accuracy_std": 0.045825756949558386
    },
    "7": {
      "accuracy": 0.805,
      "accuracy_std": 0.03674234614174765
    },
    "8": {
      "accuracy": 0.8350000000000002,
      "accuracy_std": 0.048989794855663564
    },
    "9": {
      "accuracy": 0.8949999999999999,
      "accuracy_std": 0.029154759474226483
    },
    "10": {
      "accuracy": 0.95,
      "accuracy_std": 0.03535533905932736
    },
    "11": {
      "accuracy": 0.975,
      "accuracy_std": 0.01581138830084191
    },
    "12": {
      "accuracy": 0.985,
      "accuracy_std": 0.020000000000000018
    },
    "13": {
      "accuracy": 0.985,
      "accuracy_std": 0.020000000000000018
    },
    "14": {
      "accuracy": 0.9949999999999999,
      "accuracy_std": 0.010000000000000009
    },
    "15": {
      "accuracy": 0.9949999999999999,
      "accuracy_std": 0.010000000000000009
    },
    "16": {
      "accuracy": 1.0,
      "accuracy_std": 0.0
    },
    "17": {
      "accuracy": 1.0,
      "accuracy_std": 0.0
    },
    "18": {
      "accuracy": 1.0,
      "accuracy_std": 0.0
    },
    "19": {
      "accuracy": 1.0,
      "accuracy_std": 0.0
    },
    "20": {
      "accuracy": 1.0,
      "accuracy_std": 0.0
    },
    "21": {
      "accuracy": 1.0,
      "accuracy_std": 0.0
    },
    "22": {
      "accuracy": 1.0,
      "accuracy_std": 0.0
    },
    "23": {
      "accuracy": 1.0,
      "accuracy_std": 0.0
    },
    "24": {
      "accuracy": 1.0,
      "accuracy_std": 0.0
    },
    "25": {
      "accuracy": 1.0,
      "accuracy_std": 0.0
    },
    "26": {
      "accuracy": 1.0,
      "accuracy_std": 0.0
    },
    "27": {
      "accuracy": 1.0,
      "accuracy_std": 0.0
    },
    "28": {
      "accuracy": 1.0,
      "accuracy_std": 0.0
    },
    "29": {
      "accuracy": 1.0,
      "accuracy_std": 0.0
    },
    "30": {
      "accuracy": 1.0,
      "accuracy_std": 0.0
    },
    "31": {
      "accuracy": 1.0,
      "accuracy_std": 0.0
    },
    "32": {
      "accuracy": 1.0,
      "accuracy_std": 0.0
    }
  }
}